-- 第一步：清空所有表（若有旧数据，先执行此步骤，避免ID冲突）
-- 注意：仅在测试环境执行！
SET FOREIGN_KEY_CHECKS = 0;
TRUNCATE TABLE City;
TRUNCATE TABLE Store;
TRUNCATE TABLE User;
TRUNCATE TABLE Employee;
TRUNCATE TABLE Pet;
TRUNCATE TABLE Beauty;
TRUNCATE TABLE FosterRecord;
TRUNCATE TABLE MedicalRecord;
TRUNCATE TABLE Appointment;
TRUNCATE TABLE ApptBeauty;
TRUNCATE TABLE ApptFoster;
TRUNCATE TABLE ApptMedical;
TRUNCATE TABLE PetProduct;
TRUNCATE TABLE PetProductStore;
TRUNCATE TABLE `Order`;
TRUNCATE TABLE OrderProduct;
TRUNCATE TABLE LeaveRecord;
SET FOREIGN_KEY_CHECKS = 1;


-- ###########################################################################
-- 1. 城市表（City）- 6条（基础表，无依赖）
-- ###########################################################################
INSERT INTO `City` (`CityName`, `Province`, `ZipCode`) VALUES
('北京', '北京市', '100000'),
('上海', '上海市', '200000'),
('广州', '广东省', '510000'),
('深圳', '广东省', '518000'),
('成都', '四川省', '610000'),
('西安', '陕西省', '710000'); -- 新增西安


-- ###########################################################################
-- 2. 门店表（Store）- 5条（依赖City表，CityID=1/2/3/5/6均存在）
-- ###########################################################################
INSERT INTO `Store` (`CityID`, `StoreName`, `StoreAddress`, `StorePhone`, `BusinessHours`) VALUES
(1, '北京朝阳宠物生活馆', '北京市朝阳区建国路88号', '010-88888887', '09:00-21:00'),
(2, '上海浦东宠物服务中心', '上海市浦东新区张江路100号', '021-66666667', '08:30-20:30'),
(3, '广州天河宠物医院', '广州市天河区天河路200号', '020-77777777', '09:00-22:00'),
(6, '西安雁塔宠物生活馆', '西安市雁塔区雁塔路188号', '029-66889977', '09:00-20:30'),
(5, '成都武侯宠物生活馆', '成都市武侯区武侯祠大街150号', '028-55555557', '09:00-20:00');


-- ###########################################################################
-- 3. 用户表（User）- 6条（强制插入，UserID自增为1~6）
-- ###########################################################################
INSERT INTO `User` (`UserName`, `Phone`, `Address`, `RegisterTime`, `Email`) VALUES
-- UserID=1：员工-朱星儒
('朱星儒', '18800188004', '北京市朝阳区建国路88号院', '2000-01-01 00:00:00', 'zhuxingru_emp4@pet.com'),
-- UserID=2：员工-王鹤霖
('王鹤霖', '18900189004', '北京市朝阳区光华路10号', '2000-01-01 00:00:00', 'wanghelin_emp5@pet.com'),
-- UserID=3：员工-陈雨翔
('陈雨翔', '18700187004', '上海市浦东新区张江路50号', '2000-01-01 00:00:00', 'chenyuxiang_emp6@pet.com'),
-- UserID=4：顾客-张三（宠物表将关联此ID）
('张三', '13800138006', '北京市朝阳区朝阳北路10号', '2000-01-01 00:00:00', 'zhangsan_cust4@163.com'),
-- UserID=5：顾客-李四（宠物表将关联此ID）
('李四', '13900139006', '上海市浦东新区浦东南路20号', '2000-01-01 00:00:00', 'lisi_cust5@qq.com'),
-- UserID=6：顾客-王五（宠物表将关联此ID）
('王五', '13700137006', '广州市天河区黄埔大道30号', '2000-01-01 00:00:00', 'wangwu_cust6@126.com'),
-- UserID7：顾客-赵六
('赵六', '13602136007', '西安市雁塔区小寨路40号', '2024-02-01 00:00:00', 'zhaoyiu_cust7@163.com'),
-- UserID8：顾客-钱七
('钱七', '13500135008', '成都市武侯区锦里路50号', '2024-03-01 00:00:00', 'qianqi_cust8@qq.com'),
-- UserID9：顾客-孙八
('孙八', '13400134009', '北京市朝阳区建国路60号', '2024-04-01 00:00:00', 'sunba_cust9@126.com'),
-- UserID10：顾客-周九
('周九', '13300133010', '上海市浦东新区张江路70号', '2024-05-01 00:00:00', 'zhoujiu_cust10@sina.com'),
-- UserID11：顾客-吴十
('吴十', '13200132011', '广州市天河区天河路80号', '2024-06-01 00:00:00', 'wushi_cust11@163.com'),
-- UserID12：顾客-郑十一
('郑十一', '13100131012', '西安市雁塔区大雁塔路90号', '2024-07-01 00:00:00', 'zhengshiyi_cust12@qq.com'),
-- UserID13：顾客-王十二
('王十二', '13000130013', '成都市武侯区天府大道100号', '2024-08-01 00:00:00', 'wangshi2_cust13@126.com'),
-- UserID14：顾客-冯十三
('冯十三', '12900129014', '北京市朝阳区光华路110号', '2024-09-01 00:00:00', 'fengshi3_cust14@sina.com'),
-- UserID15：顾客-陈十四
('陈十四', '12800128015', '上海市浦东新区浦东南路120号', '2024-10-01 00:00:00', 'chenshi4_cust15@163.com'),
-- UserID16：顾客-褚十五
('褚十五', '12700127016', '广州市天河区黄埔大道130号', '2024-11-01 00:00:00', 'chushi5_cust16@qq.com');


-- ###########################################################################
-- 4. 员工表（Employee）- 3条（依赖Store+User，StoreID=1/2，User信息匹配）
-- ###########################################################################
INSERT INTO `Employee` (`StoreID`, `EmpName`, `Position`, `EmpPhone`, `EntryTime`, `Salary`) VALUES
(1, '朱星儒', '美容师', '18800188004', '2024-01-01', 9000.00),
(1, '王鹤霖', '医生', '18900189004', '2023-12-15', 8000.00),
(2, '陈雨翔', '医生', '18700187004', '2024-02-20', 8000.00);


-- ###########################################################################
-- 5. 宠物表（Pet）- 5条（仅关联用户表中已存在的UserID=4/5/6）
-- ###########################################################################
INSERT INTO `Pet` (`UserID`, `PetName`, `Breed`, `Gender`, `BirthDate`, `VaccineStatus`, `Remarks`) VALUES
-- 关联UserID=4（用户表中已存在的张三）
(4, '旺财', '金毛', 'M', '2023-01-10', '2024-01-05接种狂犬疫苗，2024-07-05接种四联疫苗', '无过敏史，性格温顺'),
-- 关联UserID=5（用户表中已存在的李四）
(5, '咪宝', '布偶', 'F', '2023-05-15', '2024-05-20接种猫三联，2024-11-20接种狂犬疫苗', '对鸡肉过敏'),
-- 关联UserID=6（用户表中已存在的王五）
(6, '来福', '柯基', 'M', '2022-12-20', '2023-12-25接种四联疫苗，2024-06-25接种狂犬疫苗', '有轻微皮肤病，需定期药浴'),
-- 关联UserID=4（用户表中已存在的张三）
(4, '小白', '萨摩耶', 'F', '2023-03-25', '2024-03-30接种四联疫苗，2024-09-30接种狂犬疫苗', '活泼好动，怕打雷'),
-- 关联UserID=5（用户表中已存在的李四）
(5, '橘猫', '中华田园猫', 'U', '2022-08-10', '2023-08-15接种猫三联，2024-02-15接种狂犬疫苗', '流浪猫收养，已绝育'),
-- 关联UserID7（赵六）
(7, '小黑', '拉布拉多', 'M', '2023-02-10', '2024-02-15接种狂犬疫苗，2024-08-15接种四联疫苗', '性格活泼，喜欢玩水'),
-- 关联UserID8（钱七）
(8, '花花', '美短', 'F', '2023-06-15', '2024-06-20接种猫三联，2024-12-20接种狂犬疫苗', '粘人，喜欢蹭人'),
-- 关联UserID9（孙八）
(9, '豆豆', '泰迪', 'M', '2023-04-20', '2024-04-25接种四联疫苗，2024-10-25接种狂犬疫苗', '体型小，不掉毛'),
-- 关联UserID10（周九）
(10, '团团', '英短', 'F', '2023-07-25', '2024-07-30接种猫三联，2025-01-30接种狂犬疫苗', '高冷，不爱动'),
-- 关联UserID11（吴十）
(11, '乐乐', '哈士奇', 'M', '2022-11-10', '2023-11-15接种四联疫苗，2024-05-15接种狂犬疫苗', '拆家能手，需严加看管'),
-- 关联UserID12（郑十一）
(12, '咪咪', '加菲猫', 'U', '2023-08-10', '2024-08-15接种猫三联，2025-02-15接种狂犬疫苗', '扁脸，需注意眼部清洁'),
-- 关联UserID13（王十二）
(13, '熊熊', '阿拉斯加', 'M', '2022-10-20', '2023-10-25接种四联疫苗，2024-04-25接种狂犬疫苗', '毛发浓密，需定期梳理'),
-- 关联UserID14（冯十三）
(14, '布丁', '柯基', 'F', '2023-09-15', '2024-09-20接种四联疫苗，2025-03-20接种狂犬疫苗', '短腿，跑起来很可爱'),
-- 关联UserID15（陈十四）
(15, '柚子', '布偶', 'F', '2023-10-10', '2024-10-15接种猫三联，2025-04-15接种狂犬疫苗', '长毛，需每天梳毛'),
-- 关联UserID16（褚十五）
(16, '土豆', '柴犬', 'M', '2023-01-15', '2024-01-20接种四联疫苗，2024-07-20接种狂犬疫苗', '性格独立，忠诚度高');


-- ###########################################################################
-- 6. 美容项目表（Beauty）- 5条（无依赖）
-- ###########################################################################
INSERT INTO `Beauty` (`BeautyName`, `BeautyType`, `Price`, `Duration`, `BeautyRemarks`) VALUES
('宠物洗澡', '美容', 88.00, 60, '含基础清洁、吹干、指甲修剪'),
('宠物修甲', '美容', 30.00, 20, '专业指甲修剪，避免抓伤'),
('毛发护理', '美容', 128.00, 90, '深层清洁+毛发柔顺护理，适合长毛宠物'),
('体外驱虫', '医疗', 68.00, 15, '安全驱虫，有效期1个月'),
('牙齿清洁', '医疗', 198.00, 45, '超声波洗牙，预防牙结石');


-- ###########################################################################
-- 7. 寄养记录表（FosterRecord）- 5条（依赖Pet/Store/Employee，ID均存在）
-- ###########################################################################
INSERT INTO `FosterRecord` (`PetID`, `StoreID`, `EmpID`, `StartDate`, `EndDate`, `FosterFee`, `FosterStatus`, `FosterRemarks`, `DailyStatus`) VALUES
(1, 1, 1, '2025-10-01 09:00:00', '2025-10-07 18:00:00', 700.00, '已结束', '每天喂食2次，早晚各一次，出门遛弯30分钟', '2025-10-02：精神状态好；2025-10-05：轻微挑食，已调整饮食'),
(2, 2, 3, '2025-10-05 10:00:00', '2025-10-12 17:00:00', 840.00, '已结束', '需单独饲养，避免与其他猫接触，每天梳毛一次', '2025-10-07：毛发打结，已梳理；2025-10-10：食欲正常'),
(3, 3, 2, '2025-10-10 09:30:00', '2025-10-17 18:30:00', 630.00, '进行中', '定时喂食处方粮，每天药浴一次', '2025-10-12：皮肤病好转；2025-10-15：活动量增加'),
(4, 4, 1, '2025-10-15 11:00:00', '2025-10-22 19:00:00', 770.00, '进行中', '每天遛弯2次，每次40分钟，禁止喂食巧克力', '2025-10-17：活泼好动，无异常；2025-10-19：粪便正常'),
(5, 5, 3, '2025-10-20 08:30:00', '2025-10-27 17:30:00', 490.00, '进行中', '主人临时改变计划，取消寄养', '无'),
(6, 4, 1, '2025-11-01 09:00:00', '2025-11-07 18:00:00', 700.00, '进行中', '每天喂食3次，出门遛弯2次，每次20分钟', '2025-11-02：精神状态佳；2025-11-04：饮水正常'),
(7, 5, 3, '2025-11-05 10:00:00', '2025-11-12 17:00:00', 840.00, '进行中', '需提供猫抓板，每天清理猫砂盆', '2025-11-06：食欲正常；2025-11-08：毛发顺滑'),
(8, 1, 2, '2025-11-10 09:30:00', '2025-11-17 18:30:00', 630.00, '已结束', '定时喂食，避免甜食', '2025-11-12：排便正常；2025-11-15：玩耍活跃'),
(9, 2, 3, '2025-11-15 11:00:00', '2025-11-22 19:00:00', 770.00, '已结束', '单独笼养，避免应激', '2025-11-17：无异常；2025-11-19：睡眠时间正常'),
(10, 3, 2, '2025-11-20 08:30:00', '2025-11-27 17:30:00', 490.00, '进行中', '每天遛弯1次，每次1小时，禁止独处', '2025-11-22：拆家一次，已教育；2025-11-24：表现良好'),
(11, 4, 1, '2025-12-01 09:00:00', '2025-12-07 18:00:00', 700.00, '已取消', '每日清洁眼部2次，喂食湿粮', '无'),
(12, 5, 2, '2025-12-05 10:00:00', '2025-12-12 17:00:00', 840.00, '已取消', '每周梳毛2次，避免潮湿环境', '无'),
(13, 1, 3, '2025-12-10 09:30:00', '2025-12-17 18:30:00', 630.00, '进行中', '主人行程变更，取消寄养', '无'),
(14, 2, 1, '2025-12-15 11:00:00', '2025-12-22 19:00:00', 770.00, '已取消', '每天梳毛1次，补充卵磷脂', '无'),
(15, 3, 2, '2025-12-20 08:30:00', '2025-12-27 17:30:00', 490.00, '进行中', '喂食专用狗粮，每天互动30分钟', '2025-12-22：食欲旺盛；2025-12-24：精神好');


-- ###########################################################################
-- 8. 医疗记录表（MedicalRecord）- 5条（依赖Pet/Employee/Store，ID均存在）
-- ###########################################################################
INSERT INTO `MedicalRecord` (`PetID`, `EmpID`, `StoreID`, `MedicalTime`, `Diagnosis`, `Medication`, `MedicalFee`, `FollowUpAdvice`) VALUES
(1, 2, 1, '2025-06-10 14:00:00', '轻微肠胃炎', '益生菌（每日2次，每次1包）、蒙脱石散（每日1次，每次1/2包）', 150.00, '禁食24小时，之后喂食易消化狗粮，3天后复诊'),
(2, 3, 2, '2025-07-15 10:30:00', '猫藓', '外用克霉唑乳膏（每日2次）、口服伊曲康唑（每日1次，每次1粒）', 280.00, '每周复诊一次，持续用药2周，环境定期消毒'),
(3, 2, 3, '2025-08-20 16:00:00', '皮肤真菌感染', '外用抗真菌药浴（每周2次）、口服消炎药（每日1次，每次1片）', 320.00, '避免接触潮湿环境，10天后复诊'),
(4, 3, 4, '2025-09-25 09:15:00', '消化不良', '健胃消食片（每日2次，每次2片）、少食多餐', 80.00, '调整饮食结构，无需复诊，如有异常及时就医'),
(5, 2, 5, '2025-10-05 15:20:00', '轻微感冒', '宠物专用感冒药（每日2次，每次1包）', 120.00, '注意保暖，多喝水，5天后复诊'),
(6, 1, 4, '2025-07-10 14:00:00', '轻微皮肤瘙痒', '外用止痒喷雾（每日2次）', 90.00, '避免接触草丛，3天后复诊'),
(7, 3, 5, '2025-08-15 10:30:00', '口腔溃疡', '宠物专用口炎药（每日3次，每次1片）', 180.00, '喂食软食，1周后复诊'),
(8, 2, 1, '2025-09-20 16:00:00', '耳道感染', '滴耳液（每日2次，每次2滴）', 120.00, '保持耳道干燥，5天后复诊'),
(9, 3, 2, '2025-10-25 09:15:00', '轻微呕吐', '止吐药（每日1次，每次1包）', 100.00, '禁食12小时，之后少量多餐，无需复诊'),
(10, 2, 3, '2025-11-05 15:20:00', '关节不适', '关节宝（每日1次，每次2粒）', 200.00, '减少剧烈运动，2周后复诊'),
(11, 1, 4, '2025-06-10 14:00:00', '眼部炎症', '消炎滴眼液（每日3次，每次1滴）', 150.00, '避免强光刺激，3天后复诊'),
(12, 2, 5, '2025-07-15 10:30:00', '消化不良', '益生菌（每日2次，每次1包）', 80.00, '调整饮食，无需复诊'),
(13, 3, 1, '2025-08-20 16:00:00', '皮肤真菌', '抗真菌药膏（每日2次）', 220.00, '每周药浴1次，10天后复诊'),
(14, 1, 2, '2025-09-25 09:15:00', '毛发打结引发皮炎', '消炎膏（每日2次）+ 开结护理', 180.00, '定期梳毛，7天后复诊'),
(15, 2, 3, '2025-10-05 15:20:00', '轻微腹泻', '蒙脱石散（每日1次，每次1包）', 90.00, '多喝水，2天后复诊');


-- ###########################################################################
-- 9. 预约记录表（Appointment）- 5条（依赖User/Pet/Store/Employee，ID均存在）
-- ###########################################################################
INSERT INTO `Appointment` (`UserID`, `PetID`, `StoreID`, `EmpID`, `ApptTime`, `ApptStatus`, `CreateTime`) VALUES
(4, 1, 1, 1, '2025-11-01 10:00:00', '已完成', '2025-10-28 09:00:00'),
(5, 2, 2, 3, '2025-11-05 14:30:00', '已完成', '2025-11-02 11:00:00'),
(6, 3, 3, 2, '2025-11-10 09:15:00', '待服务', '2025-11-07 15:00:00'),
(4, 4, 4, 1, '2025-11-15 16:40:00', '待服务', '2025-11-12 10:30:00'),
(5, 5, 5, 3, '2025-11-20 11:20:00', '已取消', '2025-11-17 14:00:00'),
(7, 6, 4, 1, '2025-12-01 10:00:00', '待服务', '2025-11-28 09:00:00'),
(8, 7, 5, 3, '2025-12-05 14:30:00', '待服务', '2025-12-02 11:00:00'),
(9, 8, 1, 2, '2025-12-10 09:15:00', '已完成', '2025-12-07 15:00:00'),
(10, 9, 2, 3, '2025-12-15 16:40:00', '已完成', '2025-12-12 10:30:00'),
(11, 10, 3, 2, '2025-12-20 11:20:00', '待服务', '2025-12-17 14:00:00'),
(12, 11, 4, 1, '2025-12-25 10:00:00', '待服务', '2025-12-22 09:00:00'),
(13, 12, 5, 2, '2026-01-01 14:30:00', '待服务', '2025-12-28 11:00:00'),
(14, 13, 1, 3, '2026-01-05 09:15:00', '已取消', '2026-01-02 15:00:00'),
(15, 14, 2, 1, '2026-01-10 16:40:00', '待服务', '2026-01-07 10:30:00'),
(16, 15, 3, 2, '2026-01-15 11:20:00', '待服务', '2026-01-12 14:00:00');


-- ###########################################################################
-- 10. 预约-美容中间表（ApptBeauty）- 5条（依赖Appointment/Beauty，ID均存在）
-- ###########################################################################
INSERT INTO `ApptBeauty` (`ApptID`, `BeautyID`) VALUES
(1, 1),
(2, 3),
(3, 4),
(4, 2),
(5, 5),
(6, 1),
(7, 2),
(8, 3),
(9, 4),
(10, 5),
(11, 1),
(12, 2),
(13, 3),
(14, 4),
(15, 5);


-- ###########################################################################
-- 11. 预约-寄养中间表（ApptFoster）- 5条（依赖Appointment/FosterRecord，ID均存在）
-- ###########################################################################
INSERT INTO `ApptFoster` (`ApptID`, `FosterID`) VALUES
(1, 1),
(2, 2),
(3, 3),
(4, 4),
(5, 5),
(6, 6),
(7, 7),
(8, 8),
(9, 9),
(10, 10),
(11, 11),
(12, 12),
(13, 13),
(14, 14),
(15, 15);


-- ###########################################################################
-- 12. 预约-医疗中间表（ApptMedical）- 5条（依赖Appointment/MedicalRecord，ID均存在）
-- ###########################################################################
INSERT INTO `ApptMedical` (`ApptID`, `MedicalID`) VALUES
(1, 1),
(2, 2),
(3, 3),
(4, 4),
(5, 5),
(6, 6),
(7, 7),
(8, 8),
(9, 9),
(10, 10),
(11, 11),
(12, 12),
(13, 13),
(14, 14),
(15, 15);


-- ###########################################################################
-- 13. 宠物用品表（PetProduct）- 5条（无依赖）
-- ###########################################################################
INSERT INTO `PetProduct` (`ProductName`, `ProductType`, `Supplier`) VALUES
('皇家金毛专用狗粮', '食品', '皇家宠物食品有限公司'),
('膨润土猫砂', '洗护', '洁客宠物用品有限公司'),
('宠物橡胶玩具球', '玩具', '波奇网宠物用品供应商'),
('宠物专用沐浴露', '洗护', '雪貂留香宠物用品有限公司'),
('犬用体外驱虫滴剂', '医疗', '福来恩宠物药品有限公司');


-- ###########################################################################
-- 14. 宠物用品-门店中间表（PetProductStore）- 5条（依赖PetProduct/Store，ID均存在）
-- ###########################################################################
INSERT INTO `PetProductStore` (`ProductID`, `StoreID`, `Price`, `StoreStock`, `ShelfStatus`) VALUES
(1, 1, 128.00, 50, '在售'),
(2, 2, 25.00, 100, '在售'),
(3, 3, 19.90, 80, '在售'),
(4, 4, 45.00, 60, '缺货'),
(5, 5, 68.00, 30, '下架');


-- ###########################################################################
-- 15. 消费订单表（Order）- 5条（依赖Appointment/PetProductStore，ID均存在）
-- ###########################################################################
INSERT INTO `Order` (`ApptID`, `RelID`, `TotalAmount`, `PayStatus`, `PayMethod`, `PayTime`, `OrderCreateTime`) VALUES
(1, 1, 216.00, '已支付', '微信支付', '2025-11-01 10:30:00', '2025-10-28 09:00:00'),
(2, 2, 968.00, '已支付', '支付宝', '2025-11-05 15:00:00', '2025-11-02 11:00:00'),
(3, 3, 719.90, '未支付', NULL, NULL, '2025-11-07 15:00:00'),
(4, 4, 815.00, '已支付', '现金', '2025-11-15 17:00:00', '2025-11-12 10:30:00'),
(5, 5, 558.00, '退款', '微信支付', '2025-11-18 09:00:00', '2025-11-17 14:00:00'),
(6, 1, 188.00, '未支付', NULL, NULL, '2025-11-28 09:00:00'),
(7, 2, 255.00, '未支付', NULL, NULL, '2025-12-02 11:00:00'),
(8, 3, 759.70, '已支付', '微信支付', '2025-12-10 09:30:00', '2025-12-07 15:00:00'),
(9, 4, 280.00, '已支付', '支付宝', '2025-12-15 17:00:00', '2025-12-12 10:30:00'),
(10, 5, 290.00, '未支付', NULL, NULL, '2025-12-17 14:00:00'),
(11, 1, 218.00, '未支付', NULL, NULL, '2025-12-22 09:00:00'),
(12, 2, 305.00, '未支付', NULL, NULL, '2025-12-28 11:00:00'),
(13, 3, 859.70, '退款', '微信支付', '2026-01-03 09:00:00', '2026-01-02 15:00:00'),
(14, 4, 225.00, '未支付', NULL, NULL, '2026-01-07 10:30:00'),
(15, 5, 358.00, '未支付', NULL, NULL, '2026-01-12 14:00:00');


-- ###########################################################################
-- 16. 宠物用品消费表（OrderProduct）- 5条（依赖Order/PetProductStore，ID均存在）
-- ###########################################################################
INSERT INTO `OrderProduct` (`OrderID`, `RelID`, `Quantity`, `ActualPrice`, `Subtotal`, `CreateTime`) VALUES
(1, 1, 1, 128.00, 128.00, '2025-11-01 10:30:00'),
(2, 2, 2, 25.00, 50.00, '2025-11-05 15:00:00'),
(3, 3, 3, 19.90, 59.70, '2025-11-07 15:00:00'),
(4, 4, 1, 45.00, 45.00, '2025-11-15 17:00:00'),
(5, 5, 1, 68.00, 68.00, '2025-11-17 14:00:00'),
(6, 1, 1, 128.00, 128.00, '2025-11-28 09:00:00'),
(7, 2, 1, 25.00, 25.00, '2025-12-02 11:00:00'),
(8, 3, 4, 19.90, 79.60, '2025-12-07 15:00:00'),
(9, 4, 1, 45.00, 45.00, '2025-12-12 10:30:00'),
(10, 5, 1, 68.00, 68.00, '2025-12-17 14:00:00'),
(11, 1, 2, 128.00, 256.00, '2025-12-22 09:00:00'),
(12, 2, 3, 25.00, 75.00, '2025-12-28 11:00:00'),
(13, 3, 2, 19.90, 39.80, '2026-01-02 15:00:00'),
(14, 4, 1, 45.00, 45.00, '2026-01-07 10:30:00'),
(15, 5, 2, 68.00, 136.00, '2026-01-12 14:00:00');


-- ###########################################################################
-- 17. 员工请假表（LeaveRecord）- 5条（依赖Employee/Store，ID均存在）
-- ###########################################################################
INSERT INTO `LeaveRecord` (`EmpID`, `StoreID`, `LeaveType`, `StartTime`, `EndTime`, `ApplyTime`, `ApproverID`, `ApproveStatus`, `ApproveTime`, `LeaveReason`) VALUES
(1, 1, '事假', '2025-07-01 09:00:00', '2025-07-03 18:00:00', '2025-06-25 10:00:00', 2, '已通过', '2025-06-26 11:00:00', '家中有事需处理'),
(2, 1, '病假', '2025-08-10 09:00:00', '2025-08-15 18:00:00', '2025-08-08 14:00:00', NULL, '待审批', NULL, '感冒发烧需休息'),
(3, 2, '年假', '2025-09-01 09:00:00', '2025-09-10 18:00:00', '2025-08-15 09:30:00', 2, '已通过', '2025-08-16 10:00:00', '外出旅游'),
(1, 1, '病假', '2025-10-05 09:00:00', '2025-10-07 18:00:00', '2025-09-30 15:00:00', 2, '已驳回', '2025-10-01 11:00:00', '无合理理由'),
(2, 1, '事假', '2025-11-01 09:00:00', '2025-11-03 18:00:00', '2025-10-28 16:00:00', 3, '已通过', '2025-10-29 09:00:00', '照顾生病家人'),
(1, 4, '事假', '2025-12-01 09:00:00', '2025-12-03 18:00:00', '2025-11-25 10:00:00', 2, '已通过', '2025-11-26 11:00:00', '处理家庭事务'),
(2, 5, '病假', '2025-12-10 09:00:00', '2025-12-15 18:00:00', '2025-12-08 14:00:00', 3, '待审批', NULL, '支气管炎需休息'),
(3, 1, '年假', '2026-01-01 09:00:00', '2026-01-10 18:00:00', '2025-12-15 09:30:00', 2, '已通过', '2025-12-16 10:00:00', '春节前休假'),
(1, 2, '病假', '2026-01-05 09:00:00', '2026-01-07 18:00:00', '2026-01-01 15:00:00', 2, '已驳回', '2026-01-02 11:00:00', '无充分理由'),
(2, 3, '事假', '2026-01-10 09:00:00', '2026-01-13 18:00:00', '2026-01-05 16:00:00', 3, '已通过', '2026-01-06 09:00:00', '照顾宠物');